<?xml version="1.0" encoding="utf-8"?>
<version>

    <version_num>1.0.1</version_num>

    <version_code>2</version_code>

    <apk_url>http://apk.xym6.com/businessplatform/version/BusinessPlatform.apk</apk_url>
    <version_info>1、本次更新内容1。/r/n2、本次更新内容2。/r/n3、本次更新内容3。/r/n4、本次更新内容4。/r/n5、本次更新内容5。/r/n6、本次更新内容6。/r/n7、本次更新内容7。/r/n8、本次更新内容8。/r/n9、本次更新内容9。/r/n10、本次更新内容10。/r/n11、本次更新内容11。</version_info>
</version>