[
 {"industry_id":"2","industry_name":"\u5168\u90e8\u884c\u4e1a","industry_desp":"\u5168\u90e8\u884c\u4e1a\u5206\u7c7b","industry_parent":"0"},
 {"industry_id":"3","industry_name":"\u7f8e\u98df","industry_desp":"\u4e2d\u9910\u3001\u897f\u9910\u3001\u65e5\u97e9\u6599\u7406\u3001\u751c\u70b9\u996e\u54c1\u3001\u5496\u5561\u9152\u5427\u7b49","industry_parent":"0"}, 
 {"industry_id":"4","industry_name":"\u4f11\u95f2\u5a31\u4e50","industry_desp":"kTV\u3001\u8fd0\u52a8\u5065\u8eab\u3001\u8db3\u7597\u6309\u6469\u3001\u6f14\u51fa\u8d5b\u4e8b\u3001\u684c\u6e38\/\u7535\u73a9\u3001\u7535\u5f71\u9662\u3001\u513f\u7ae5\u4e50\u56ed\u7b49","industry_parent":"0"},
 {"industry_id":"5","industry_name":"\u9152\u5e97\u4f4f\u5bbf","industry_desp":"\u5404\u79cd\u4f4f\u5bbf\u76f8\u5173\u670d\u52a1\u4e1a","industry_parent":"0"}, 
 {"industry_id":"6","industry_name":"\u751f\u6d3b\u670d\u52a1","industry_desp":"\u751f\u6d3b\u670d\u52a1\u76f8\u5173\u884c\u4e1a","industry_parent":"0"},
 {"industry_id":"7","industry_name":"\u7f8e\u5bb9\u7f8e\u4f53","industry_desp":"\u7f8e\u53d1\u3001\u7f8e\u5bb9\u3001\u7f8e\u5bb9\u7f8e\u4f53\u3001\u745c\u4f3d\/\u821e\u8e48","industry_parent":"0"},
 {"industry_id":"8","industry_name":"\u767e\u8d27\u5546\u8d85","industry_desp":"\u54c1\u724c\u670d\u9970\u3001\u7537\u88c5\u4e13\u5356\u3001\u8fd0\u52a8\u6237\u5916\u7b49","industry_parent":"0"},
 {"industry_id":"9","industry_name":"\u5bb6\u5177\u3001\u623f\u4ea7","industry_desp":"\u65b0\u623f\u3001\u4e8c\u624b\u623f\u3001\u5bb6\u5177\u5e7f\u573a\u3001\u88c5\u4fee\u5efa\u6750\u7b49","industry_parent":"0"}, 
 {"industry_id":"10","industry_name":"\u6559\u80b2\u57f9\u8bad","industry_desp":"\u5916\u8bed\u3001\u7f8e\u672f\u3001\u821e\u8e48\u3001\u6b66\u672f\u3001\u9a7e\u6821\u7b49","industry_parent":"0"}, 
 {"industry_id":"11","industry_name":"\u7231\u8f66","industry_desp":"\u52a0\u6cb9\u7ad9\u3001\u6d17\u8f66\u30014S\u5e97\u7b49","industry_parent":"0"}, 
 {"industry_id":"12","industry_name":"\u5176\u4ed6\u884c\u4e1a","industry_desp":"\u5176\u4ed6\u4e2a\u522b\u884c\u4e1a","industry_parent":"0"}, 
 {"industry_id":"13","industry_name":"\u706b\u9505","industry_desp":"\u5404\u79cd\u706b\u9505","industry_parent":"3"}, 
 {"industry_id":"14","industry_name":"\u81ea\u52a9\u9910","industry_desp":"\u5404\u79cd\u81ea\u52a9\u9910","industry_parent":"3"}, 
 {"industry_id":"15","industry_name":"\u5c0f\u5403\u5feb\u9910","industry_desp":"\u5c0f\u5403\u5feb\u9910","industry_parent":"3"},
 {"industry_id":"16","industry_name":"\u70e7\u70e4\u3001\u6d77\u9c9c","industry_desp":"\u70e7\u70e4\u3001\u6d77\u9c9c","industry_parent":"3"}, 
 {"industry_id":"17","industry_name":"\u9762\u5305\u751c\u70b9","industry_desp":"\u9762\u5305\u751c\u70b9","industry_parent":"3"}, 
 {"industry_id":"18","industry_name":"\u897f\u9910","industry_desp":"\u897f\u9910","industry_parent":"3"}, 
 {"industry_id":"19","industry_name":"\u65e5\u97e9\u6599\u7406","industry_desp":"\u65e5\u97e9\u6599\u7406","industry_parent":"3"}, 
 {"industry_id":"20","industry_name":"\u4e2d\u56fd\u83dc","industry_desp":"\u8c6b\u83dc\u3001\u6c5f\u6d59\u83dc\u3001\u7ca4\u83dc\u3001\u5ddd\u83dc\u3001\u6e58\u83dc\u3001\u5317\u4eac\u83dc","industry_parent":"3"}, 
 {"industry_id":"21","industry_name":"\u6e05\u771f\u7f8e\u98df","industry_desp":"\u65b0\u7586\u83dc\u3001\u6e05\u771f\u83dc","industry_parent":"3"}, 
 {"industry_id":"22","industry_name":"\u5496\u5561\u3001\u9152\u5427","industry_desp":"\u5496\u5561\u3001\u9152\u5427","industry_parent":"3"}, 
 {"industry_id":"23","industry_name":"KTV","industry_desp":"KTV","industry_parent":"4"}, 
 {"industry_id":"24","industry_name":"\u7535\u5f71\u9662","industry_desp":"\u7535\u5f71\u9662","industry_parent":"4"}, 
 {"industry_id":"25","industry_name":"\u8db3\u7597\u6309\u6469","industry_desp":"\u8db3\u7597\u6309\u6469","industry_parent":"4"}, 
 {"industry_id":"26","industry_name":"\u6d17\u6d74\u3001\u6e29\u6cc9","industry_desp":"\u6d17\u6d74\u3001\u6e29\u6cc9","industry_parent":"4"}, 
 {"industry_id":"27","industry_name":"\u7f51\u5427\u3001\u7535\u73a9","industry_desp":"\u7f51\u5427\u3001\u7f51\u5496\u3001\u7535\u73a9","industry_parent":"4"}, 
 {"industry_id":"28","industry_name":"\u8fd0\u52a8\u5065\u8eab","industry_desp":"\u8fd0\u52a8\u5065\u8eab","industry_parent":"4"}, 
 {"industry_id":"29","industry_name":"\u684c\u7403\u3001\u68cb\u724c","industry_desp":"\u684c\u7403\u3001\u68cb\u724c","industry_parent":"4"}, 
 {"industry_id":"31","industry_name":"\u7ecf\u6d4e\u578b\u9152\u5e97","industry_desp":"\u7ecf\u6d4e\u578b\u9152\u5e97\u3001\u9752\u5e74\u65c5\u820d\u3001\u5ba2\u6808\u65c5\u820d","industry_parent":"5"}, 
 {"industry_id":"32","industry_name":"\u7cbe\u54c1\u9152\u5e97","industry_desp":"\u7cbe\u54c1\u9152\u5e97\u3001\u516c\u5bd3\u5f0f\u9152\u5e97","industry_parent":"5"}, 
 {"industry_id":"33","industry_name":"\u661f\u7ea7\u9152\u5e97","industry_desp":"\u661f\u7ea7\u9152\u5e97","industry_parent":"5"}, 
 {"industry_id":"34","industry_name":"\u5ea6\u5047\u6751","industry_desp":"\u5ea6\u5047\u6751","industry_parent":"5"}, 
 {"industry_id":"35","industry_name":"\u7f8e\u5bb9\u3001\u7f8e\u53d1","industry_desp":"\u7f8e\u5bb9\u3001\u7f8e\u53d1","industry_parent":"7"}, 
 {"industry_id":"36","industry_name":"\u7f8e\u5bb9\/SPA","industry_desp":"\u7f8e\u5bb9\/SPA","industry_parent":"7"}, 
 {"industry_id":"37","industry_name":"\u7f8e\u7532","industry_desp":"\u7f8e\u7532","industry_parent":"7"}, 
 {"industry_id":"38","industry_name":"\u6d17\u8863\u3001\u5e72\u6d17","industry_desp":"\u6d17\u8863\u3001\u5e72\u6d17","industry_parent":"6"}, 
 {"industry_id":"39","industry_name":"\u5bb6\u653f\u670d\u52a1","industry_desp":"\u5bb6\u653f\u670d\u52a1","industry_parent":"6"}, 
 {"industry_id":"40","industry_name":"\u533b\u9662\u3001\u4f53\u68c0","industry_desp":"\u533b\u9662\u3001\u4f53\u68c0","industry_parent":"6"}, 
 {"industry_id":"41","industry_name":"\u54c1\u724c\u4e13\u5356","industry_desp":"\u54c1\u724c\u4e13\u5356\u5e97","industry_parent":"8"}, 
 {"industry_id":"42","industry_name":"\u670d\u9970\u5e7f\u573a","industry_desp":"\u670d\u9970\u5e7f\u573a","industry_parent":"8"}, 
 {"industry_id":"43","industry_name":"\u5bb6\u7528\u7535\u5668","industry_desp":"\u5bb6\u7528\u7535\u5668","industry_parent":"8"}, 
 {"industry_id":"44","industry_name":"\u624b\u673a\u3001\u6570\u7801","industry_desp":"\u624b\u673a\u3001\u6570\u7801","industry_parent":"8"}, 
 {"industry_id":"45","industry_name":"\u5bb6\u5177\u5e7f\u573a","industry_desp":"\u5bb6\u5177\u5e7f\u573a","industry_parent":"9"}, 
 {"industry_id":"46","industry_name":"\u5efa\u6750\u5e02\u573a","industry_desp":"\u5efa\u6750\u5e02\u573a","industry_parent":"9"}, 
 {"industry_id":"47","industry_name":"\u88c5\u6f62\u3001\u88c5\u4fee","industry_desp":"\u88c5\u6f62\u3001\u88c5\u4fee","industry_parent":"9"}, 
 {"industry_id":"48","industry_name":"\u623f\u4ea7\u9500\u552e","industry_desp":"\u65b0\u623f\u3001\u4e8c\u624b\u623f\u9500\u552e","industry_parent":"9"}, 
 {"industry_id":"49","industry_name":"\u5916\u8bed\u57f9\u8bad","industry_desp":"\u5916\u8bed\u57f9\u8bad","industry_parent":"10"}, 
 {"industry_id":"50","industry_name":"\u5347\u5b66\u8f85\u5bfc","industry_desp":"\u5347\u5b66\u8f85\u5bfc","industry_parent":"10"}, 
 {"industry_id":"51","industry_name":"\u827a\u672f\u57f9\u8bad","industry_desp":"\u97f3\u4e50\u3001\u821e\u8e48\u3001\u7f8e\u672f","industry_parent":"10"}, 
 {"industry_id":"52","industry_name":"\u804c\u4e1a\u6280\u672f","industry_desp":"\u804c\u4e1a\u3001\u6280\u672f\u76f8\u5173\u57f9\u8bad","industry_parent":"10"}, 
 {"industry_id":"53","industry_name":"\u6559\u80b2\u9662\u6821","industry_desp":"\u6559\u80b2\u9662\u6821","industry_parent":"10"}, 
 {"industry_id":"54","industry_name":"\u6d17\u8f66\u3001\u7f8e\u5bb9","industry_desp":"\u6d17\u8f66\u3001\u7f8e\u5bb9","industry_parent":"11"}, 
 {"industry_id":"55","industry_name":"4S\u65b0\u8f66\u9500\u552e","industry_desp":"\u65b0\u8f66\u9500\u552e","industry_parent":"11"}, 
 {"industry_id":"56","industry_name":"\u7ef4\u4fee\u4fdd\u517b","industry_desp":"\u7ef4\u4fee\u4fdd\u517b","industry_parent":"11"}, 
 {"industry_id":"57","industry_name":"\u6c7d\u8f66\u79df\u8d41","industry_desp":"\u6c7d\u8f66\u79df\u8d41","industry_parent":"11"}, 
 {"industry_id":"58","industry_name":"\u6c7d\u8f66\u4fdd\u9669","industry_desp":"\u6c7d\u8f66\u4fdd\u9669","industry_parent":"11"}, 
 {"industry_id":"59","industry_name":"\u5176\u4ed6","industry_desp":"\u5176\u4ed6\u7a00\u5c11\u884c\u4e1a","industry_parent":"12"}]
